1001,1475174058.905106,1,0.000000,1,0,1,5,1475174050.369356:1475174052.377977:1475174054.386960:1475174056.395572:1475174058.404535:,1475174050.649787:1475174052.737770:1475174054.721742:1475174056.793714:1475174058.633686:,1475174050.649787:1475174052.737770:1475174054.721742:1475174056.793714:1475174058.633686:,
1001,1475174091.152901,1,0.000000,0,1,0,5,1475174081.736259:1475174083.965370:1475174086.194456:1475174088.423535:1475174090.652609:,1475174082.001346:1475174084.137316:1475174086.409266:1475174088.689254:1475174090.905233:,1475174082.001346:1475174084.137316:1475174086.409266:1475174088.689254:1475174090.905233:,
1001,1475174114.513946,1,0.000000,1,1,1,5,1475174105.097203:1475174107.326212:1475174109.555444:1475174111.784555:1475174114.013653:,1475174105.249026:1475174107.425006:1475174109.856969:1475174112.056938:1475174114.264891:,1475174105.249026:1475174107.425006:1475174109.856969:1475174112.056938:1475174114.264891:,
1001,1475174152.234117,0,0.100000,1,1,1,10,1475174131.772801:1475174134.001354:1475174136.230396:1475174138.460022:1475174140.688378:1475174142.917510:1475174145.146587:1475174147.375707:1475174149.605213:1475174151.833816:,1475174132.040660:1475174134.224622:1475174136.448599:1475174138.744570:1475174141.064536:1475174143.152506:1475174145.256471:1475174147.624445:1475174149.832417:1475174152.104378:,1475174132.040660:1475174134.224622:1475174136.448599:1475174138.744570:1475174141.064536:1475174143.152506:1475174145.256471:1475174147.624445:1475174149.832417:1475174152.104378:,
1001,1475174182.224327,0,0.000000,1,0,1,10,1475174163.644496:1475174165.653752:1475174167.662411:1475174169.671736:1475174171.680477:1475174173.689135:1475174175.697834:1475174177.706426:1475174179.715132:1475174181.724018:,1475174163.888225:1475174165.920192:1475174167.904156:1475174169.912132:1475174171.968087:1475174173.928083:1475174175.992055:1475174178.024027:1475174179.951997:1475174181.935979:,1475174163.888225:1475174165.920192:1475174167.904156:1475174169.912132:1475174171.968087:1475174173.928083:1475174175.992055:1475174178.024027:1475174179.951997:1475174181.935979:,
1001,1475174210.399185,0,0.300000,1,1,1,10,1475174189.782008:1475174192.011014:1475174194.240123:1475174196.469208:1475174198.698268:1475174200.927396:1475174203.156762:1475174205.385637:1475174207.614725:1475174209.843613:,1475174190.047858:1475174192.255831:1475174194.463790:1475174196.703754:1475174199.023720:1475174201.167687:1475174203.495629:1475174205.663647:1475174207.911577:1475174210.047584:,1475174190.047858:1475174192.255831:1475174194.463790:1475174196.703754:1475174199.023720:1475174201.167687:1475174203.495629:1475174205.663647:1475174207.911577:1475174210.047584:,
1001,1475174238.599608,0,0.000000,1,1,1,10,1475174218.037774:1475174220.266597:1475174222.495688:1475174224.724719:1475174226.954139:1475174229.182916:1475174231.412055:1475174233.641195:1475174235.870142:1475174238.099314:,1475174218.247464:1475174220.463435:1475174222.703406:1475174224.863363:1475174227.151305:1475174229.407270:1475174231.583264:1475174233.911251:1475174236.095229:1475174238.303194:,1475174218.247464:1475174220.463435:1475174222.703406:1475174224.863363:1475174227.151305:1475174229.407270:1475174231.583264:1475174233.911251:1475174236.095229:1475174238.303194:,
1001,1475174266.804165,0,0.400000,1,1,1,10,1475174246.186891:1475174248.416124:1475174250.645234:1475174252.874143:1475174255.103356:1475174257.332340:1475174259.561892:1475174261.790437:1475174264.019570:1475174266.248671:,1475174246.423040:1475174248.703049:1475174250.879010:1475174253.158963:1475174255.374951:1475174257.558919:1475174259.846855:1475174261.998862:1475174264.230822:1475174266.454798:,1475174246.423040:1475174248.703049:1475174250.879010:1475174253.158963:1475174255.374951:1475174257.558919:1475174259.846855:1475174261.998862:1475174264.230822:1475174266.454798:,
1001,1475174292.994081,0,0.100000,1,1,1,10,1475174272.376944:1475174274.605969:1475174276.834968:1475174279.064089:1475174281.293211:1475174283.522192:1475174285.751311:1475174287.980391:1475174290.209499:1475174292.438592:,1475174272.518719:1475174274.830677:1475174277.006654:1475174279.222588:1475174281.558558:1475174283.782556:1475174286.030547:1475174288.206486:1475174290.462432:1475174292.606419:,1475174272.518719:1475174274.830677:1475174277.006654:1475174279.222588:1475174281.558558:1475174283.782556:1475174286.030547:1475174288.206486:1475174290.462432:1475174292.606419:,
1001,1475174321.668220,0,0.300000,1,1,1,10,1475174301.406484:1475174303.634905:1475174305.863939:1475174308.093492:1475174310.322078:1475174312.551301:1475174314.780297:1475174317.009444:1475174319.238447:1475174321.467927:,1475174301.510308:-1.000000:1475174304.014274:1475174306.126260:1475174308.390218:1475174310.542196:1475174312.798158:1475174315.046128:1475174317.278098:1475174319.542039:,1475174301.510308:-1.000000:1475174304.014274:1475174306.126260:1475174308.390218:1475174310.542196:1475174312.798158:1475174315.046128:1475174317.278098:1475174319.542039:,
1001,1475174347.743553,0,0.000000,1,1,1,10,1475174327.181396:1475174329.410598:1475174331.639711:1475174333.868861:1475174336.097877:1475174338.326849:1475174340.555890:1475174342.784929:1475174345.014032:1475174347.243253:,1475174327.397926:1475174329.645895:1475174331.853890:1475174334.093867:1475174336.229818:1475174338.565804:1475174340.781785:1475174342.989752:1475174345.205719:1475174347.453649:,1475174327.397926:1475174329.645895:1475174331.853890:1475174334.093867:1475174336.229818:1475174338.565804:1475174340.781785:1475174342.989752:1475174345.205719:1475174347.453649:,
1001,1475174374.086160,0,0.400000,1,1,1,10,1475174353.924078:1475174356.153346:1475174358.382276:1475174360.611374:1475174362.841413:1475174365.069506:1475174367.298619:1475174369.527762:1475174371.756821:1475174373.985867:,-1.000000:1475174354.149592:1475174356.293571:1475174358.661535:1475174360.901511:1475174363.101474:1475174365.317444:1475174367.645398:1475174369.829352:1475174372.029357:,-1.000000:1475174354.149592:1475174356.293571:1475174358.661535:1475174360.901511:1475174363.101474:1475174365.317444:1475174367.645398:1475174369.829352:1475174372.029357:,
1001,1475174404.339335,0,0.000000,0,1,0,10,1475174383.777266:1475174386.006366:1475174388.235441:1475174390.464533:1475174392.693609:1475174394.922705:1475174397.151780:1475174399.380864:1475174401.609947:1475174403.839033:,1475174383.989195:1475174386.245150:1475174388.493096:1475174390.701083:1475174392.885041:1475174395.117011:1475174397.396970:1475174399.340960:1475174401.916951:1475174404.124894:,1475174383.989195:1475174386.245150:1475174388.493096:1475174390.701083:1475174392.885041:1475174395.117011:1475174397.396970:1475174399.340960:1475174401.916951:1475174404.124894:,
1002,1475175183.927023,1,0.000000,1,0,1,5,1475175175.388773:1475175177.399230:1475175179.408637:1475175181.417606:1475175183.426682:,-1.000000:-1.000000:-1.000000:-1.000000:-1.000000:,-1.000000:-1.000000:-1.000000:-1.000000:-1.000000:,
1002,1475175227.284567,1,0.000000,0,1,0,5,1475175217.867881:1475175220.096983:1475175222.326063:1475175224.555153:1475175226.784247:,1475175218.209962:1475175220.289925:1475175222.713894:1475175224.785862:1475175226.961834:,1475175218.209962:1475175220.289925:1475175222.713894:1475175224.785862:1475175226.961834:,
1002,1475175257.089011,1,0.000000,1,1,0,5,1475175247.670308:1475175249.899401:1475175252.128498:1475175254.357572:1475175256.586667:,1475175247.889576:1475175249.993550:1475175252.049487:1475175254.553440:1475175256.801444:,1475175247.889576:1475175249.993550:1475175252.049487:1475175254.553440:1475175256.801444:,
1002,1475175299.578944,0,0.000000,0,1,0,10,1475175279.016830:1475175281.245912:1475175283.475010:1475175285.704098:1475175287.933184:1475175290.162264:1475175292.391351:1475175294.620438:1475175296.849523:1475175299.078626:,1475175279.241170:1475175281.433105:1475175283.481082:1475175285.833081:1475175288.193018:1475175290.344990:1475175292.640958:1475175294.840927:1475175297.192904:1475175299.336881:,1475175279.241170:1475175281.433105:1475175283.481082:1475175285.833081:1475175288.193018:1475175290.344990:1475175292.640958:1475175294.840927:1475175297.192904:1475175299.336881:,
1002,1475175328.617212,0,0.400000,1,1,0,10,1475175308.053005:1475175310.282100:1475175312.511188:1475175314.740269:1475175316.969363:1475175319.198453:1475175321.427527:1475175323.656609:1475175325.885692:1475175328.114781:,1475175308.360764:1475175310.464732:1475175312.624714:1475175314.944680:1475175317.200662:1475175319.432587:1475175321.632584:1475175323.896528:1475175326.144532:1475175328.248503:,1475175308.360764:1475175310.464732:1475175312.624714:1475175314.944680:1475175317.200662:1475175319.432587:1475175321.632584:1475175323.896528:1475175326.144532:1475175328.248503:,
1002,1475175356.387892,0,0.300000,1,1,0,10,1475175335.823705:1475175338.052805:1475175340.281893:1475175342.510962:1475175344.740044:1475175346.969120:1475175349.198243:1475175351.427301:1475175353.656378:1475175355.885470:,1475175335.808408:1475175338.232364:1475175340.488330:1475175342.760311:1475175345.056274:1475175347.128265:1475175349.608173:1475175351.696174:1475175353.960127:1475175356.248120:,1475175335.808408:1475175338.232364:1475175340.488330:1475175342.760311:1475175345.056274:1475175347.128265:1475175349.608173:1475175351.696174:1475175353.960127:1475175356.248120:,
1002,1475175384.255676,0,0.400000,1,1,0,10,1475175364.093595:1475175366.322682:1475175368.551775:1475175370.780877:1475175373.009941:1475175375.239018:1475175377.468109:1475175379.697188:1475175381.926291:1475175384.155369:,-1.000000:1475175364.344006:1475175366.511938:1475175368.799902:1475175371.031874:1475175373.263874:1475175375.487845:1475175377.711751:1475175380.039791:1475175382.319750:,-1.000000:1475175364.344006:1475175366.511938:1475175368.799902:1475175371.031874:1475175373.263874:1475175375.487845:1475175377.711751:1475175380.039791:1475175382.319750:,
1002,1475175408.960917,0,0.000000,1,0,1,10,1475175390.376150:1475175392.385648:1475175394.395717:1475175396.404739:1475175398.413839:1475175400.422966:1475175402.432127:1475175404.441339:1475175406.450510:1475175408.460592:,1475175390.671600:1475175392.639580:1475175394.743569:1475175396.695549:1475175398.671487:1475175400.895478:1475175402.639429:1475175404.687399:1475175406.679365:1475175408.711373:,1475175390.671600:1475175392.639580:1475175394.743569:1475175396.695549:1475175398.671487:1475175400.895478:1475175402.639429:1475175404.687399:1475175406.679365:1475175408.711373:,
1002,1475175434.826194,0,0.100000,1,1,0,10,1475175414.364096:1475175416.593176:1475175418.822277:1475175421.051332:1475175423.280426:1475175425.509520:1475175427.738597:1475175429.967681:1475175432.196785:1475175434.425865:,1475175414.511255:1475175416.727267:1475175418.951227:1475175421.247204:1475175423.399168:1475175425.719129:1475175427.871106:1475175430.111069:1475175432.439035:1475175434.591014:,1475175414.511255:1475175416.727267:1475175418.951227:1475175421.247204:1475175423.399168:1475175425.719129:1475175427.871106:1475175430.111069:1475175432.439035:1475175434.591014:,
1002,1475175463.522997,0,0.300000,1,1,0,10,1475175443.260923:1475175445.490006:1475175447.719088:1475175449.948177:1475175452.177267:1475175454.406346:1475175456.635450:1475175458.864522:1475175461.093614:1475175463.322684:,-1.000000:1475175443.462856:1475175445.774756:1475175449.950762:1475175452.206770:1475175454.478734:1475175456.702692:-1.000000:1475175459.086674:1475175461.302622:,-1.000000:1475175443.462856:1475175447.846801:1475175449.950762:1475175452.206770:1475175454.478734:1475175456.702692:-1.000000:1475175459.086674:1475175463.374604:,
1002,1475175491.839970,0,0.100000,1,1,0,10,1475175471.275392:1475175473.504494:1475175475.733595:1475175477.962671:1475175480.191745:1475175482.420817:1475175484.649912:1475175486.879008:1475175489.108099:1475175491.337174:,1475175471.518445:1475175473.742431:1475175475.878440:1475175478.206407:1475175480.390397:1475175482.686343:1475175485.054316:1475175487.150280:1475175489.566203:1475175491.598187:,1475175471.518445:1475175473.742431:1475175475.878440:1475175478.206407:1475175480.390397:1475175482.686343:1475175485.054316:1475175487.150280:1475175489.566203:1475175491.598187:,
1002,1475175522.315415,0,0.000000,1,1,0,10,1475175501.751156:1475175503.980275:1475175506.209333:1475175508.438426:1475175510.667501:1475175512.896590:1475175515.125669:1475175517.354775:1475175519.583845:1475175521.812935:,1475175502.014071:1475175504.118045:1475175506.534006:1475175508.653979:1475175510.893940:1475175513.157920:1475175515.381844:1475175517.565855:1475175519.877794:1475175522.085794:,1475175502.014071:1475175504.118045:1475175506.534006:1475175508.653979:1475175510.893940:1475175513.157920:1475175515.381844:1475175517.565855:1475175519.877794:1475175522.085794:,
1002,1475175550.004853,0,0.000000,1,1,0,10,1475175529.440581:1475175531.669676:1475175533.898758:1475175536.127822:1475175538.356931:1475175540.586015:1475175542.815080:1475175545.044183:1475175547.273256:1475175549.502342:,1475175529.733689:1475175531.989618:1475175534.117614:1475175536.501582:1475175538.605551:1475175540.917515:1475175543.061499:1475175545.325476:1475175547.605435:1475175549.565305:,1475175529.733689:1475175531.989618:1475175534.117614:1475175536.501582:1475175538.605551:1475175540.917515:1475175543.061499:1475175545.325476:1475175547.605435:1475175549.565305:,
1003,1475175720.791419,1,0.000000,1,0,1,5,1475175712.249975:1475175714.264996:1475175716.274065:1475175718.282621:1475175720.290967:,1475175712.563176:1475175714.539149:1475175716.451093:1475175718.379095:1475175720.362952:,1475175712.563176:1475175714.539149:1475175716.451093:1475175718.379095:1475175720.362952:,
1003,1475175740.892504,1,0.000000,0,1,0,5,1475175731.475868:1475175733.704962:1475175735.934032:1475175738.163122:1475175740.392240:,1475175731.714906:1475175733.778853:1475175735.962815:1475175738.354787:1475175740.522761:,1475175731.714906:1475175733.778853:1475175735.962815:1475175738.354787:1475175740.522761:,
1003,1475175757.740471,1,0.000000,1,1,1,5,1475175748.323873:1475175750.553159:1475175752.782157:1475175755.011169:1475175757.240198:,1475175748.554690:1475175750.698624:1475175752.938590:1475175755.058583:1475175757.314569:,1475175748.554690:1475175750.698624:1475175752.938590:1475175755.058583:1475175757.314569:,
1003,1475175789.888348,0,0.100000,1,1,1,10,1475175769.426222:1475175771.655282:1475175773.884246:1475175776.113520:1475175778.342447:1475175780.571519:1475175782.800903:1475175785.029733:1475175787.259436:1475175789.488070:,1475175769.506276:1475175771.674362:1475175773.906333:1475175776.130313:1475175778.410269:1475175780.602251:1475175782.762214:1475175785.050064:1475175787.258101:1475175789.490112:,1475175769.506276:1475175771.674362:1475175773.906333:1475175776.130313:1475175778.410269:1475175780.602251:1475175782.762214:1475175785.050064:1475175787.258101:1475175789.490112:,
1003,1475175817.403420,0,0.000000,1,1,1,10,1475175796.841293:1475175799.070637:1475175801.299517:1475175803.528892:1475175805.757665:1475175807.986779:1475175810.216201:1475175812.445110:1475175814.674183:1475175816.903143:,1475175797.034017:1475175799.217985:1475175801.385955:1475175803.649891:1475175805.873897:1475175808.089862:1475175810.265840:1475175812.553779:1475175814.761778:1475175817.001733:,1475175797.034017:1475175799.217985:1475175801.385955:1475175803.649891:1475175805.873897:1475175808.089862:1475175810.265840:1475175812.553779:1475175814.761778:1475175817.001733:,
1003,1475175846.427599,0,0.300000,1,1,1,10,1475175825.811456:1475175828.039667:1475175830.268724:1475175832.498296:1475175834.726818:1475175836.955915:1475175839.185398:1475175841.414578:1475175843.643265:1475175845.872254:,1475175826.065624:1475175828.065591:1475175830.489525:1475175832.753524:1475175834.993504:1475175837.161472:1475175839.385431:1475175841.625399:1475175843.793365:1475175846.073348:,1475175826.065624:1475175828.065591:1475175830.489525:1475175832.753524:1475175834.993504:1475175837.161472:1475175839.385431:1475175841.625399:1475175843.793365:1475175846.073348:,
1003,1475175873.432413,0,0.300000,1,1,1,10,1475175853.170544:1475175855.399430:1475175857.628484:1475175859.857570:1475175862.086701:1475175864.316097:1475175866.544972:1475175868.773994:1475175871.003476:1475175873.232140:,1475175853.249245:1475175855.593225:-1.000000:1475175857.905191:-1.000000:1475175862.313130:1475175864.521099:1475175868.905022:-1.000000:1475175871.209007:,1475175853.249245:1475175855.593225:-1.000000:1475175860.057166:-1.000000:1475175862.313130:1475175866.745073:1475175868.905022:-1.000000:1475175873.416963:,
1003,1475175901.530424,0,0.100000,1,1,1,10,1475175880.913348:1475175883.142459:1475175885.371552:1475175887.600816:1475175889.829721:1475175892.058765:1475175894.288010:1475175896.517120:1475175898.746440:1475175900.975134:,1475175881.088858:1475175883.320841:1475175885.400781:1475175887.704732:1475175889.992731:1475175892.120662:1475175894.472676:1475175896.664613:1475175898.864615:1475175901.080576:,1475175881.088858:1475175883.320841:1475175885.400781:1475175887.704732:1475175889.992731:1475175892.120662:1475175894.472676:1475175896.664613:1475175898.864615:1475175901.080576:,
1003,1475175929.866108,0,0.000000,1,0,1,10,1475175911.278792:1475175913.288353:1475175915.297734:1475175917.307479:1475175919.316860:1475175921.326133:1475175923.335736:1475175925.346707:1475175927.356110:1475175929.365835:,1475175911.408444:1475175913.408419:1475175915.416388:1475175917.440355:1475175919.424335:1475175921.464307:1475175923.464285:1475175925.392250:1475175927.448192:1475175929.424198:,1475175911.408444:1475175913.408419:1475175915.416388:1475175917.440355:1475175919.424335:1475175921.464307:1475175923.464285:1475175925.392250:1475175927.448192:1475175929.424198:,
1003,1475175955.755373,0,0.000000,0,1,0,10,1475175935.193334:1475175937.422417:1475175939.651525:1475175941.880612:1475175944.109690:1475175946.338780:1475175948.567847:1475175950.796930:1475175953.026017:1475175955.255120:,1475175935.408059:1475175937.536034:1475175939.744016:1475175942.007965:1475175944.263938:1475175946.519922:1475175948.759889:1475175951.023859:1475175953.023820:1475175955.367801:,1475175935.408059:1475175937.536034:1475175939.744016:1475175942.007965:1475175944.263938:1475175946.519922:1475175948.759889:1475175951.023859:1475175953.023820:1475175955.367801:,
1003,1475175984.248104,0,0.000000,1,1,1,10,1475175963.686023:1475175965.915461:1475175968.144185:1475175970.373438:1475175972.602543:1475175974.831475:1475175977.060655:1475175979.289621:1475175981.518691:1475175983.747826:,1475175963.735733:1475175965.959692:1475175968.303665:1475175970.503632:1475175972.687606:1475175975.007545:1475175977.127541:1475175979.383515:1475175981.623470:1475175983.823452:,1475175963.735733:1475175965.959692:1475175968.303665:1475175970.503632:1475175972.687606:1475175975.007545:1475175977.127541:1475175979.383515:1475175981.623470:1475175983.823452:,
1003,1475176009.642945,0,0.400000,1,1,1,10,1475175989.025820:1475175991.254886:1475175993.484234:1475175995.713559:1475175997.942184:1475176000.171348:1475176002.400355:1475176004.629450:1475176006.858537:1475176009.087587:,1475175989.119398:1475175991.431338:1475175993.935307:1475175995.815259:1475175998.071259:1475176000.303225:1475176002.567205:1475176004.799174:1475176006.951134:1475176009.183108:,1475175989.119398:1475175991.431338:1475175993.935307:1475175995.815259:1475175998.071259:1475176000.303225:1475176002.567205:1475176004.799174:1475176006.951134:1475176009.183108:,
1003,1475176036.051055,0,0.400000,1,1,1,10,1475176015.889071:1475176018.118334:1475176020.347270:1475176022.576362:1475176024.805401:1475176027.034486:1475176029.263630:1475176031.492670:1475176033.721730:1475176035.950782:,-1.000000:1475176015.991009:1475176018.342979:1475176020.542958:1475176022.742904:1475176025.046861:1475176027.270830:1475176029.478835:1475176031.734795:1475176033.974778:,-1.000000:1475176015.991009:1475176018.342979:1475176020.542958:1475176022.742904:1475176025.046861:1475176027.270830:1475176029.478835:1475176031.734795:1475176033.974778:,
1004,1475176210.951366,1,0.000000,1,0,1,5,1475176202.416577:1475176204.424984:1475176206.433791:1475176208.442277:1475176210.451068:,1475176202.756483:1475176204.764453:1475176206.676390:1475176208.668402:1475176210.884367:,1475176202.756483:1475176204.764453:1475176206.676390:1475176208.668402:1475176210.884367:,
1004,1475176228.378716,1,0.000000,0,1,0,5,1475176218.962122:1475176221.191206:1475176223.420310:1475176225.649386:1475176227.878458:,1475176219.268230:1475176221.348197:1475176223.676152:1475176225.876113:1475176227.876092:,1475176219.268230:1475176221.348197:1475176223.676152:1475176225.876113:1475176227.876092:,
1004,1475176247.153753,1,0.000000,1,1,0,5,1475176237.735198:1475176239.964298:1475176242.193382:1475176244.422455:1475176246.651551:,1475176238.012010:1475176240.147940:1475176242.139937:1475176244.371912:1475176246.811881:,1475176238.012010:1475176240.147940:1475176242.139937:1475176244.371912:1475176246.811881:,
1004,1475176277.176920,0,0.100000,1,1,0,10,1475176256.612762:1475176258.841869:1475176261.070945:1475176263.300018:1475176265.529112:1475176267.758208:1475176269.987284:1475176272.216388:1475176274.445452:1475176276.674532:,1475176256.835738:1475176259.155710:1475176261.315663:1475176263.139622:1475176265.387620:1475176267.899592:1475176270.131572:1475176272.315545:1475176274.419503:1475176276.675467:,1475176256.835738:1475176259.155710:1475176261.315663:1475176263.139622:1475176265.387620:1475176267.899592:1475176270.131572:1475176272.315545:1475176274.419503:1475176276.675467:,
1004,1475176304.546797,0,0.000000,1,0,1,10,1475176285.967565:1475176287.976786:1475176289.985359:1475176291.993879:1475176294.002382:1475176296.010777:1475176298.019787:1475176300.029013:1475176302.038004:1475176304.046520:,1475176286.187341:1475176288.403303:1475176290.331298:1475176292.331259:1475176294.275206:1475176296.427215:1475176298.139178:1475176300.267168:1475176302.267135:1475176304.123115:,1475176286.187341:1475176288.403303:1475176290.331298:1475176292.331259:1475176294.275206:1475176296.427215:1475176298.139178:1475176300.267168:1475176302.267135:1475176304.123115:,
1004,1475176335.028421,0,0.300000,1,1,0,10,1475176314.766358:1475176316.995461:1475176319.224536:1475176321.453624:1475176323.682700:1475176325.911797:1475176328.140872:1475176330.369969:1475176332.599040:1475176334.828131:,1475176314.842962:1475176316.882930:1475176319.114898:1475176321.586864:1475176323.722846:1475176325.786817:1475176327.970786:1475176330.242749:1475176332.514692:1475176334.946699:,1475176314.842962:1475176316.882930:1475176319.114898:1475176321.586864:1475176323.722846:1475176325.786817:1475176327.970786:1475176330.242749:1475176332.514692:1475176334.946699:,
1004,1475176364.540758,0,0.000000,1,1,0,10,1475176343.976675:1475176346.205755:1475176348.434853:1475176350.663939:1475176352.893015:1475176355.122092:1475176357.351183:1475176359.580267:1475176361.809363:1475176364.038438:,1475176343.994558:1475176346.250528:1475176348.666516:1475176350.866473:1475176353.050438:1475176355.154414:1475176357.570395:1475176359.530359:1475176362.002320:1475176364.210301:,1475176343.994558:1475176346.250528:1475176348.666516:1475176350.866473:1475176353.050438:1475176355.154414:1475176357.570395:1475176359.530359:1475176362.002320:1475176364.210301:,
1004,1475176393.836662,0,0.400000,1,1,0,10,1475176373.674591:1475176375.903672:1475176378.132763:1475176380.361841:1475176382.590940:1475176384.820021:1475176387.049111:1475176389.278201:1475176391.507271:1475176393.736372:,1475176373.442119:1475176375.746143:1475176377.890116:-1.000000:1475176382.362048:1475176384.650021:1475176386.809985:1475176389.057946:1475176391.393925:1475176393.609898:,1475176373.442119:1475176375.746143:1475176377.890116:-1.000000:1475176382.362048:1475176384.650021:1475176386.809985:1475176389.057946:1475176391.393925:1475176393.609898:,
1004,1475176420.746359,0,0.100000,1,1,0,10,1475176400.284293:1475176402.513383:1475176404.742475:1475176406.971554:1475176409.200657:1475176411.429738:1475176413.658813:1475176415.887890:1475176418.116985:1475176420.346070:,1475176400.217776:1475176402.489755:1475176404.569743:1475176406.761718:1475176409.097685:1475176411.329659:1475176413.025637:1475176415.889605:1475176418.009553:1475176420.705530:,1475176400.217776:1475176402.489755:1475176404.569743:1475176406.761718:1475176409.097685:1475176411.329659:1475176413.025637:1475176415.889605:1475176418.009553:1475176420.705530:,
1004,1475176446.331980,0,0.300000,1,1,0,10,1475176425.767844:1475176427.996943:1475176430.226026:1475176432.455104:1475176434.684199:1475176436.913299:1475176439.142380:1475176441.371473:1475176443.600543:1475176445.829633:,1475176425.753468:1475176427.889445:1475176430.105408:1475176432.281371:1475176434.625254:1475176436.929317:1475176439.025282:1475176441.225252:1475176443.473224:1475176445.601077:,1475176425.753468:1475176427.889445:1475176430.105408:1475176432.281371:1475176434.625254:1475176436.929317:1475176439.025282:1475176441.225252:1475176443.473224:1475176445.601077:,
1004,1475176472.895309,0,0.000000,1,1,0,10,1475176452.331105:1475176454.560223:1475176456.789313:1475176459.018382:1475176461.247461:1475176463.476555:1475176465.705637:1475176467.934730:1475176470.163812:1475176472.392908:,1475176452.297105:1475176454.465093:1475176456.729041:1475176459.009027:1475176461.160988:1475176463.384947:1475176465.536932:1475176467.848897:1475176470.080863:1475176472.536803:,1475176452.297105:1475176454.465093:1475176456.729041:1475176459.009027:1475176461.160988:1475176463.384947:1475176465.536932:1475176467.848897:1475176470.080863:1475176472.536803:,
1004,1475176498.692597,0,0.400000,1,1,0,10,1475176478.128138:1475176480.357231:1475176482.586336:1475176484.815401:1475176487.044481:1475176489.273578:1475176491.502670:1475176493.731751:1475176495.960839:1475176498.189910:,1475176478.448762:1475176480.176741:1475176482.488700:1475176484.760638:1475176486.968643:1475176489.160604:-1.000000:1475176493.608545:1475176495.792521:1475176498.288494:,1475176478.448762:1475176480.176741:1475176482.488700:1475176484.760638:1475176486.968643:1475176489.160604:-1.000000:1475176493.608545:1475176495.792521:1475176498.288494:,
1004,1475176524.452372,0,0.000000,0,1,0,10,1475176503.890345:1475176506.119435:1475176508.348517:1475176510.577600:1475176512.806693:1475176515.035774:1475176517.264854:1475176519.493962:1475176521.723029:1475176523.952110:,1475176503.768380:1475176505.984353:1475176508.312311:1475176510.480311:1475176512.856250:1475176515.024220:1475176517.184183:1475176519.384166:1475176521.680146:1475176523.992107:,1475176503.768380:1475176505.984353:1475176508.312311:1475176510.480311:1475176512.856250:1475176515.024220:1475176517.184183:1475176519.384166:1475176521.680146:1475176523.992107:,
1006,1475176862.753114,1,0.000000,1,0,1,5,1475176854.211102:1475176856.225894:1475176858.235240:1475176860.243689:1475176862.252627:,1475176854.555679:1475176856.419661:1475176858.411639:1475176860.411612:1475176862.331621:,1475176854.555679:1475176856.419661:1475176858.411639:1475176860.411612:1475176862.331621:,
1006,1475176883.381113,1,0.000000,0,1,0,5,1475176873.964459:1475176876.193562:1475176878.422644:1475176880.651722:1475176882.880822:,-1.000000:1475176876.075425:1475176878.339370:1475176880.867333:1475176883.275318:,-1.000000:1475176876.075425:1475176878.339370:1475176880.867333:1475176883.275318:,
1006,1475176899.938724,1,0.000000,1,1,0,5,1475176890.520078:1475176892.749164:1475176894.978246:1475176897.207341:1475176899.436420:,1475176890.779239:1475176893.059206:1475176895.155187:1475176897.219136:1475176899.611113:,1475176890.779239:1475176893.059206:1475176895.155187:1475176897.219136:1475176899.611113:,
1006,1475176932.272095,0,0.100000,1,1,0,10,1475176911.708000:1475176913.937109:1475176916.166181:1475176918.395265:1475176920.624361:1475176922.853446:1475176925.082538:1475176927.311647:1475176929.540722:1475176931.769829:,1475176911.890913:1475176913.938923:1475176916.170902:1475176918.506873:1475176920.674847:1475176923.074822:1475176925.418761:1475176927.322777:1475176929.538745:1475176931.834727:,1475176911.890913:1475176913.938923:1475176916.170902:1475176918.506873:1475176920.674847:1475176923.074822:1475176925.418761:1475176927.322777:1475176929.538745:1475176931.834727:,
1006,1475176961.621723,0,0.000000,1,1,0,10,1475176941.057688:1475176943.286796:1475176945.515888:1475176947.744996:1475176949.974056:1475176952.203153:1475176954.432239:1475176956.661338:1475176958.890418:1475176961.119511:,1475176941.130636:1475176943.298601:1475176945.482575:1475176947.778563:1475176949.938530:1475176952.378466:1475176954.434402:1475176956.898411:1475176959.138416:1475176961.042413:,1475176941.130636:1475176943.298601:1475176945.482575:1475176947.778563:1475176949.938530:1475176952.378466:1475176954.434402:1475176956.898411:1475176959.138416:1475176961.042413:,
1006,1475176990.878483,0,0.300000,1,1,0,10,1475176970.616369:1475176972.845470:1475176975.074550:1475176977.303655:1475176979.532741:1475176981.761859:1475176983.990915:1475176986.220013:1475176988.449113:1475176990.678194:,1475176970.482312:1475176972.794272:1475176975.138254:1475176977.322220:1475176979.650199:1475176981.922170:1475176983.986152:1475176986.306129:1475176988.450094:1475176990.722072:,1475176970.482312:1475176972.794272:1475176975.138254:1475176977.322220:1475176979.650199:1475176981.922170:1475176983.986152:1475176986.306129:1475176988.450094:1475176990.722072:,
1006,1475177016.814991,0,0.300000,1,1,0,10,1475176996.250909:1475176998.480021:1475177000.709111:1475177002.938186:1475177005.167284:1475177007.396369:1475177009.625468:1475177011.854556:1475177014.083647:1475177016.312755:,1475176996.506012:1475176998.393951:1475177000.905995:1475177003.177938:1475177005.361917:1475177007.377874:1475177009.617870:1475177011.905823:1475177014.241826:1475177016.377787:,1475176996.506012:1475176998.393951:1475177000.905995:1475177003.177938:1475177005.361917:1475177007.377874:1475177009.617870:1475177011.905823:1475177014.241826:1475177016.377787:,
1006,1475177042.533362,0,0.100000,1,1,0,10,1475177022.071213:1475177024.300318:1475177026.529396:1475177028.758499:1475177030.987585:1475177033.216680:1475177035.445801:1475177037.674856:1475177039.903941:1475177042.133036:,1475177022.297723:1475177024.385698:1475177026.689670:1475177028.905651:1475177031.057620:1475177033.281600:1475177035.505577:1475177037.633522:1475177040.017514:1475177042.209504:,1475177022.297723:1475177024.385698:1475177026.689670:1475177028.905651:1475177031.057620:1475177033.281600:1475177035.505577:1475177037.633522:1475177040.017514:1475177042.209504:,
1006,1475177067.997173,0,0.000000,1,0,1,10,1475177049.418405:1475177051.427549:1475177053.435873:1475177055.444404:1475177057.453994:1475177059.462583:1475177061.471085:1475177063.479612:1475177065.488209:1475177067.496858:,1475177049.497428:1475177051.529400:1475177053.529378:1475177055.529314:1475177057.489210:1475177059.577309:1475177061.649295:1475177063.665260:1475177065.665217:1475177067.713250:,1475177049.497428:1475177051.529400:1475177053.529378:1475177055.529314:1475177057.489210:1475177059.577309:1475177061.649295:1475177063.665260:1475177065.665217:1475177067.713250:,
1006,1475177093.646980,0,0.000000,0,1,0,10,1475177073.084883:1475177075.313980:1475177077.543079:1475177079.772165:1475177082.001253:1475177084.230343:1475177086.459437:1475177088.688538:1475177090.917615:1475177093.146715:,1475177073.025168:1475177075.217129:1475177077.465077:1475177079.729019:1475177081.944999:1475177084.281001:1475177086.528973:1475177088.608947:1475177090.920912:1475177093.120889:,1475177073.025168:1475177075.217129:1475177077.465077:1475177079.729019:1475177081.944999:1475177084.281001:1475177086.528973:1475177088.608947:1475177090.920912:1475177093.120889:,
1006,1475177120.909323,0,0.000000,1,1,0,10,1475177100.344823:1475177102.573898:1475177104.802998:1475177107.032079:1475177109.261186:1475177111.490258:1475177113.719364:1475177115.948461:1475177118.177536:1475177120.406637:,1475177100.304861:1475177102.560834:1475177104.824796:1475177107.048770:1475177109.248749:1475177111.488710:1475177113.712702:1475177115.960573:1475177118.160654:1475177120.384600:,1475177100.304861:1475177102.560834:1475177104.824796:1475177107.048770:1475177109.248749:1475177111.488710:1475177113.712702:1475177115.960573:1475177118.160654:1475177120.384600:,
1006,1475177146.803223,0,0.400000,1,1,0,10,1475177126.641111:1475177128.870211:1475177131.099297:1475177133.328389:1475177135.557487:1475177137.786597:1475177140.015654:1475177142.244753:1475177144.473846:1475177146.702933:,1475177126.136566:1475177128.912528:1475177131.160504:-1.000000:1475177133.448481:1475177137.832430:-1.000000:1475177140.184396:1475177142.360315:-1.000000:,1475177126.136566:1475177128.912528:1475177131.160504:-1.000000:1475177135.648444:1475177137.832430:-1.000000:1475177140.184396:1475177144.536354:-1.000000:,
1006,1475177172.596111,0,0.400000,1,1,0,10,1475177152.031835:1475177154.260939:1475177156.490027:1475177158.719115:1475177160.948213:1475177163.177298:1475177165.406394:1475177167.635493:1475177169.864561:1475177172.093685:,1475177151.960280:1475177154.416230:1475177156.440221:1475177158.768158:1475177160.952179:1475177163.240141:1475177165.376117:1475177167.648094:1475177169.776067:1475177172.368042:,1475177151.960280:1475177154.416230:1475177156.440221:1475177158.768158:1475177160.952179:1475177163.240141:1475177165.376117:1475177167.648094:1475177169.776067:1475177172.368042:,
1007,1475177520.895862,1,0.000000,1,0,1,5,1475177512.361436:1475177514.369798:1475177516.378367:1475177518.386832:1475177520.395557:,1475177512.708078:1475177514.660016:1475177516.604024:1475177518.596007:1475177520.579977:,1475177512.708078:1475177514.660016:1475177516.604024:1475177518.596007:1475177520.579977:,
1007,1475177551.611209,1,0.000000,0,1,0,5,1475177542.194545:1475177544.423653:1475177546.652743:1475177548.881825:1475177551.110921:,1475177542.355721:1475177544.507655:1475177546.659647:1475177548.851630:1475177550.995596:,1475177542.355721:1475177544.507655:1475177546.659647:1475177548.851630:1475177550.995596:,
1007,1475177570.653318,1,0.000000,1,1,1,5,1475177561.236567:1475177563.466176:1475177565.694928:1475177567.923887:1475177570.152992:,1475177561.427500:1475177563.747436:1475177565.931448:1475177568.275425:1475177570.459354:,1475177561.427500:1475177563.747436:1475177565.931448:1475177568.275425:1475177570.459354:,
1007,1475177601.756144,0,0.100000,1,1,1,10,1475177581.294075:1475177583.523541:1475177585.752230:1475177587.981700:1475177590.210795:1475177592.439504:1475177594.668489:1475177596.897607:1475177599.127076:1475177601.355848:,1475177581.515220:1475177583.811229:1475177585.979194:1475177588.203176:1475177590.387136:1475177592.555124:1475177594.875099:1475177597.067071:1475177599.283041:1475177601.563028:,1475177581.515220:1475177583.811229:1475177585.979194:1475177588.203176:1475177590.387136:1475177592.555124:1475177594.875099:1475177597.067071:1475177599.283041:1475177601.563028:,
1007,1475177626.818251,0,0.000000,1,0,1,10,1475177608.239138:1475177610.248441:1475177612.257036:1475177614.265487:1475177616.274285:1475177618.283008:1475177620.291546:1475177622.300120:1475177624.308797:1475177626.317952:,1475177608.482902:1475177610.394872:1475177612.266844:1475177614.458831:1475177616.474803:1475177618.530813:1475177620.618779:1475177622.546754:1475177624.522749:1475177626.562666:,1475177608.482902:1475177610.394872:1475177612.266844:1475177614.458831:1475177616.474803:1475177618.530813:1475177620.618779:1475177622.546754:1475177624.522749:1475177626.562666:,
1007,1475177656.055195,0,0.300000,1,1,1,10,1475177635.437903:1475177637.667087:1475177639.896008:1475177642.125329:1475177644.354267:1475177646.583274:1475177648.812367:1475177651.041546:1475177653.270543:1475177655.499688:,1475177635.666580:1475177637.922575:1475177640.146546:1475177642.346531:1475177644.778499:1475177646.850477:1475177649.218449:1475177651.250420:1475177653.394397:1475177655.706384:,1475177635.666580:1475177637.922575:1475177640.146546:1475177642.346531:1475177644.778499:1475177646.850477:1475177649.218449:1475177651.250420:1475177653.394397:1475177655.706384:,
1007,1475177682.293629,0,0.000000,1,1,1,10,1475177661.731405:1475177663.960532:1475177666.190285:1475177668.418676:1475177670.647780:1475177672.876846:1475177675.106089:1475177677.335048:1475177679.564235:1475177681.793313:,1475177661.954293:1475177664.178273:1475177666.410235:1475177668.498224:1475177670.898203:1475177672.962154:1475177675.138141:1475177677.514121:1475177679.754051:1475177682.026053:,1475177661.954293:1475177664.178273:1475177666.410235:1475177668.498224:1475177670.898203:1475177672.962154:1475177675.138141:1475177677.514121:1475177679.754051:1475177682.026053:,
1007,1475177707.201005,0,0.400000,1,1,1,10,1475177686.583663:1475177688.812752:1475177691.042570:1475177693.270985:1475177695.500155:1475177697.729230:1475177699.958236:1475177702.187400:1475177704.416420:1475177706.645494:,1475177686.873959:1475177689.169973:1475177691.289951:1475177693.457923:1475177695.609862:1475177698.025865:1475177700.217811:1475177702.409808:1475177704.641790:1475177706.961738:,1475177686.873959:1475177689.169973:1475177691.289951:1475177693.457923:1475177695.609862:1475177698.025865:1475177700.217811:1475177702.409808:1475177704.641790:1475177706.961738:,
1007,1475177732.624700,0,0.100000,1,1,1,10,1475177712.007380:1475177714.236387:1475177716.465703:1475177718.694816:1475177720.923662:1475177723.153296:1475177725.381933:1475177727.610984:1475177729.840058:1475177732.069226:,1475177712.137688:1475177714.529670:1475177716.649608:1475177718.809616:1475177721.105602:1475177723.257557:1475177725.529535:1475177727.761509:1475177730.041423:1475177732.193452:,1475177712.137688:1475177714.529670:1475177716.649608:1475177718.809616:1475177721.105602:1475177723.257557:1475177725.529535:1475177727.761509:1475177730.041423:1475177732.193452:,
1007,1475177758.187025,0,0.300000,1,1,1,10,1475177737.925003:1475177740.154190:1475177742.383228:1475177744.612195:1475177746.841711:1475177749.070447:1475177751.299507:1475177753.528657:1475177755.757818:1475177757.986744:,-1.000000:1475177738.273389:1475177740.521357:1475177742.609333:1475177744.841300:-1.000000:1475177749.313242:-1.000000:1475177753.793177:1475177755.977174:,-1.000000:1475177738.273389:1475177740.521357:1475177742.609333:1475177747.041261:-1.000000:1475177751.393224:-1.000000:1475177753.793177:1475177755.977174:,
1007,1475177786.480225,0,0.000000,1,1,1,10,1475177765.918105:1475177768.147172:1475177770.376345:1475177772.605453:1475177774.834574:1475177777.063661:1475177779.292616:1475177781.521750:1475177783.750791:1475177785.979919:,1475177766.209046:1475177768.337020:1475177770.424991:1475177772.680965:1475177775.040958:1475177777.240916:1475177779.360885:1475177781.616862:1475177783.816833:1475177786.088811:,1475177766.209046:1475177768.337020:1475177770.424991:1475177772.680965:1475177775.040958:1475177777.240916:1475177779.360885:1475177781.616862:1475177783.816833:1475177786.088811:,
1007,1475177813.693772,0,0.400000,1,1,1,10,1475177793.531677:1475177795.761086:1475177797.989761:1475177800.218874:1475177802.447983:1475177804.677011:1475177806.906100:1475177809.135207:1475177811.364281:1475177813.593488:,-1.000000:1475177793.800724:1475177796.080678:1475177798.224646:1475177800.448626:1475177802.728608:1475177804.928590:1475177807.136546:1475177809.360501:1475177811.600459:,-1.000000:1475177793.800724:1475177796.080678:1475177798.224646:1475177800.448626:1475177802.728608:1475177804.928590:1475177807.136546:1475177809.360501:1475177811.600459:,
1007,1475177840.127327,0,0.000000,0,1,0,10,1475177819.565213:1475177821.794300:1475177824.023382:1475177826.252455:1475177828.481560:1475177830.710658:1475177832.939740:1475177835.168829:1475177837.397928:1475177839.627001:,1475177819.552360:1475177821.736370:1475177823.984327:1475177826.304294:1475177828.416266:1475177830.640196:1475177833.016222:1475177835.288179:1475177837.264148:1475177839.568135:,1475177819.552360:1475177821.736370:1475177823.984327:1475177826.304294:1475177828.416266:1475177830.640196:1475177833.016222:1475177835.288179:1475177837.264148:1475177839.568135:,
1008,1475178169.703076,1,0.000000,1,0,1,5,1475178161.161103:1475178163.175546:1475178165.185022:1475178167.193781:1475178169.202621:,1475178161.396200:1475178163.324221:1475178165.260182:1475178167.404127:1475178169.404102:,1475178161.396200:1475178163.324221:1475178165.260182:1475178167.404127:1475178169.404102:,
1008,1475178206.339473,1,0.000000,0,1,0,5,1475178196.922830:1475178199.151932:1475178201.381031:1475178203.610117:1475178205.839215:,1475178197.107766:1475178199.307738:1475178201.555683:1475178203.699670:1475178205.859642:,1475178197.107766:1475178199.307738:1475178201.555683:1475178203.699670:1475178205.859642:,
1008,1475178222.595357,1,0.000000,1,1,0,5,1475178213.176617:1475178215.405714:1475178217.634804:1475178219.863885:1475178222.092965:,1475178213.179594:1475178215.507561:1475178217.651544:1475178219.891528:1475178222.291498:,1475178213.179594:1475178215.507561:1475178217.651544:1475178219.891528:1475178222.291498:,
1008,1475178251.620137,0,0.100000,1,1,0,10,1475178231.055779:1475178233.284858:1475178235.513934:1475178237.743025:1475178239.972123:1475178242.201201:1475178244.430288:1475178246.659392:1475178248.888472:1475178251.117558:,1475178231.083367:1475178233.363344:1475178235.531307:1475178237.827296:1475178240.059257:1475178242.203242:1475178244.427206:1475178246.667188:1475178248.859159:1475178251.155132:,1475178231.083367:1475178233.363344:1475178235.531307:1475178237.827296:1475178240.059257:1475178242.203242:1475178244.427206:1475178246.667188:1475178248.859159:1475178251.155132:,
1008,1475178279.611087,0,0.000000,1,1,0,10,1475178259.047073:1475178261.276155:1475178263.505257:1475178265.734339:1475178267.963432:1475178270.192507:1475178272.421587:1475178274.650696:1475178276.879781:1475178279.108867:,1475178258.979037:1475178261.219001:1475178263.450966:1475178265.738824:1475178267.930925:1475178270.194890:1475178272.442758:1475178274.642833:1475178276.874775:1475178279.050780:,1475178258.979037:1475178261.219001:1475178263.450966:1475178265.738824:1475178267.930925:1475178270.194890:1475178272.442758:1475178274.642833:1475178276.874775:1475178279.050780:,
1008,1475178305.233913,0,0.300000,1,1,0,10,1475178284.971823:1475178287.200918:1475178289.430013:1475178291.659086:1475178293.888187:1475178296.117275:1475178298.346358:1475178300.575455:1475178302.804541:1475178305.033629:,1475178284.826679:1475178287.098689:1475178289.290652:1475178291.634613:1475178293.922603:1475178296.098580:1475178298.258512:1475178300.498482:1475178302.674488:1475178304.994465:,1475178284.826679:1475178287.098689:1475178289.290652:1475178291.634613:1475178293.922603:1475178296.098580:1475178298.258512:1475178300.498482:1475178302.674488:1475178304.994465:,
1008,1475178328.906476,0,0.300000,1,1,0,10,1475178308.342416:1475178310.571512:1475178312.800596:1475178315.029698:1475178317.258783:1475178319.487863:1475178321.716954:1475178323.946043:1475178326.175130:1475178328.404198:,1475178308.274417:1475178310.530392:1475178312.778331:1475178314.986304:1475178317.138304:1475178319.426286:1475178321.650253:1475178323.898217:1475178326.082201:1475178328.178169:,1475178308.274417:1475178310.530392:1475178312.778331:1475178314.986304:1475178317.138304:1475178319.426286:1475178321.650253:1475178323.898217:1475178326.082201:1475178328.178169:,
1008,1475178352.604678,0,0.100000,1,1,0,10,1475178332.142579:1475178334.371673:1475178336.600760:1475178338.829848:1475178341.058930:1475178343.288028:1475178345.517114:1475178347.746201:1475178349.975288:1475178352.204382:,1475178331.954129:1475178334.226097:1475178336.394070:1475178338.714042:1475178340.914015:1475178343.153971:1475178345.425971:1475178347.641926:1475178349.897907:1475178352.121883:,1475178331.954129:1475178334.226097:1475178336.394070:1475178338.714042:1475178340.914015:1475178343.153971:1475178345.425971:1475178347.641926:1475178349.897907:1475178352.121883:,
1008,1475178375.184346,0,0.000000,1,0,1,10,1475178356.605538:1475178358.613866:1475178360.622284:1475178362.630742:1475178364.640415:1475178366.649598:1475178368.657941:1475178370.667073:1475178372.675346:1475178374.684071:,1475178356.697699:1475178358.705795:1475178360.617762:1475178362.681747:1475178364.753674:1475178366.721700:1475178368.753637:1475178370.769628:1475178372.825618:1475178374.865508:,1475178356.697699:1475178358.705795:1475178360.617762:1475178362.681747:1475178364.753674:1475178366.721700:1475178368.753637:1475178370.769628:1475178372.825618:1475178374.865508:,
1008,1475178400.316568,0,0.000000,0,1,0,10,1475178379.754502:1475178381.983593:1475178384.212690:1475178386.441779:1475178388.670861:1475178390.899940:1475178393.129038:1475178395.358112:1475178397.587216:1475178399.816312:,1475178379.713494:1475178381.937454:1475178384.193415:1475178386.457397:1475178388.641412:1475178390.857334:1475178393.129273:1475178395.393281:1475178397.641274:1475178399.841233:,1475178379.713494:1475178381.937454:1475178384.193415:1475178386.457397:1475178388.641412:1475178390.857334:1475178393.129273:1475178395.393281:1475178397.641274:1475178399.841233:,
1008,1475178425.105672,0,0.000000,1,1,0,10,1475178404.541496:1475178406.770585:1475178408.999662:1475178411.228785:1475178413.457859:1475178415.686944:1475178417.916025:1475178420.145128:1475178422.374195:1475178424.603315:,1475178404.497221:1475178406.729206:1475178409.009176:1475178411.153146:1475178413.425093:1475178415.665084:1475178417.920934:1475178420.145022:1475178422.385002:1475178424.576977:,1475178404.497221:1475178406.729206:1475178409.009176:1475178411.153146:1475178413.425093:1475178415.665084:1475178417.920934:1475178420.145022:1475178422.385002:1475178424.576977:,
1008,1475178451.173996,0,0.400000,1,1,0,10,1475178431.011909:1475178433.241007:1475178435.470090:1475178437.699182:1475178439.928278:1475178442.157363:1475178444.386453:1475178446.615542:1475178448.844623:1475178451.073709:,1475178430.928897:1475178433.248862:1475178435.376772:1475178437.680816:-1.000000:1475178440.064743:1475178442.392719:1475178444.512619:1475178446.768695:1475178449.016662:,1475178430.928897:1475178433.248862:1475178435.376772:1475178437.680816:-1.000000:1475178440.064743:1475178442.392719:1475178444.512619:1475178446.768695:1475178449.016662:,
1008,1475178475.109104,0,0.400000,1,1,0,10,1475178454.545069:1475178456.774094:1475178459.003245:1475178461.232305:1475178463.461401:1475178465.690492:1475178467.919591:1475178470.148662:1475178472.377758:1475178474.606840:,1475178454.488603:1475178456.696562:1475178459.032544:1475178461.256509:1475178463.520482:1475178465.832440:1475178468.072390:1475178470.272363:1475178472.504334:1475178474.768345:,1475178454.488603:1475178456.696562:1475178459.032544:1475178461.256509:1475178463.520482:1475178465.832440:1475178468.072390:1475178470.272363:1475178472.504334:1475178474.768345:,
1009,1475178638.315316,1,0.000000,1,0,1,5,1475178629.781247:1475178631.789738:1475178633.797986:1475178635.806355:1475178637.815022:,1475178630.038401:1475178632.046380:1475178634.030354:1475178636.022333:1475178638.038264:,1475178630.038401:1475178632.046380:1475178634.030354:1475178636.022333:1475178638.038264:,
1009,1475178691.293206,1,0.000000,0,1,0,5,1475178681.876552:1475178684.105642:1475178686.334725:1475178688.563838:1475178690.792922:,1475178682.109730:1475178684.205672:1475178686.245659:-1.000000:1475178690.709612:,1475178682.109730:1475178684.205672:1475178686.245659:-1.000000:1475178690.709612:,
1009,1475178707.595438,1,0.000000,1,1,1,5,1475178698.178804:1475178700.408537:1475178702.636971:1475178704.865947:1475178707.095161:,1475178698.373541:1475178700.581515:1475178702.749497:1475178705.053451:1475178707.253428:,1475178698.373541:1475178700.581515:1475178702.749497:1475178705.053451:1475178707.253428:,
1009,1475178747.208097,0,0.100000,1,1,1,10,1475178726.746123:1475178728.975440:1475178731.204146:1475178733.433348:1475178735.662345:1475178737.891472:1475178740.120504:1475178742.349963:1475178744.578829:1475178746.807819:,1475178726.917204:1475178729.149180:1475178731.277102:1475178733.653090:1475178735.829082:1475178738.109042:1475178740.205017:1475178742.572993:1475178744.788954:1475178746.988897:,1475178726.917204:1475178729.149180:1475178731.277102:1475178733.653090:1475178735.829082:1475178738.109042:1475178740.205017:1475178742.572993:1475178744.788954:1475178746.988897:,
1009,1475178772.476854,0,0.000000,1,0,1,10,1475178753.898049:1475178755.906684:1475178757.915710:1475178759.925473:1475178761.933757:1475178763.942117:1475178765.950581:1475178767.958980:1475178769.968082:1475178771.976582:,1475178754.132839:1475178756.052815:1475178758.068785:1475178760.028757:1475178761.980737:1475178764.044710:1475178766.044696:1475178768.052638:1475178770.084658:1475178772.076601:,1475178754.132839:1475178756.052815:1475178758.068785:1475178760.028757:1475178761.980737:1475178764.044710:1475178766.044696:1475178768.052638:1475178770.084658:1475178772.076601:,
1009,1475178804.734710,0,0.300000,1,1,1,10,1475178784.117827:1475178786.346431:1475178788.575723:1475178790.804762:1475178793.034226:1475178795.262851:1475178797.491904:1475178799.720950:1475178801.950111:1475178804.179161:,1475178784.292458:1475178786.396443:1475178788.748374:1475178790.964378:1475178793.188354:1475178795.340330:1475178797.740292:1475178799.836258:1475178802.116236:1475178804.276208:,1475178784.292458:1475178786.396443:1475178788.748374:1475178790.964378:1475178793.188354:1475178795.340330:1475178797.740292:1475178799.836258:1475178802.116236:1475178804.276208:,
1009,1475178838.716806,0,0.000000,1,1,1,10,1475178818.154967:1475178820.383922:1475178822.612933:1475178824.842319:1475178827.071211:1475178829.300473:1475178831.529214:1475178833.758285:1475178835.987408:1475178838.216511:,1475178818.411998:1475178820.443891:1475178822.659865:1475178824.835946:1475178827.107919:1475178829.467856:1475178831.531791:1475178833.931827:1475178836.019755:1475178838.339781:,1475178818.411998:1475178820.443891:1475178822.659865:1475178824.835946:1475178827.107919:1475178829.467856:1475178831.531791:1475178833.931827:1475178836.019755:1475178838.339781:,
1009,1475178864.320848,0,0.400000,1,1,1,10,1475178843.703883:1475178845.932596:1475178848.162021:1475178850.390951:1475178852.619919:1475178854.848914:1475178857.078200:1475178859.307584:1475178861.536189:1475178863.765363:,1475178843.851709:1475178846.163665:1475178848.267649:1475178850.491624:1475178852.699607:1475178855.083579:1475178857.179539:1475178859.427513:1475178861.683498:1475178863.915456:,1475178843.851709:1475178846.163665:1475178848.267649:1475178850.491624:1475178852.699607:1475178855.083579:1475178857.179539:1475178859.427513:1475178861.683498:1475178863.915456:,
1009,1475178892.008454,0,0.100000,1,1,1,10,1475178871.391292:1475178873.620279:1475178875.849363:1475178878.078374:1475178880.307483:1475178882.536391:1475178884.765578:1475178886.994720:1475178889.223871:1475178891.452962:,1475178871.651325:1475178873.715303:1475178875.827311:1475178878.219271:1475178880.499246:1475178882.659230:1475178884.923164:1475178887.123169:1475178889.347138:1475178891.547074:,1475178871.651325:1475178873.715303:1475178875.827311:1475178878.219271:1475178880.499246:1475178882.659230:1475178884.923164:1475178887.123169:1475178889.347138:1475178891.547074:,
1009,1475178917.013711,0,0.300000,1,1,1,10,1475178896.751526:1475178898.980633:1475178901.209737:1475178903.438668:1475178905.667881:1475178907.896942:1475178910.125932:1475178912.355417:1475178914.584190:1475178916.813424:,-1.000000:1475178896.971035:1475178901.258866:1475178903.530966:-1.000000:1475178905.954920:1475178910.298877:1475178912.466835:1475178914.714815:1475178916.962780:,-1.000000:1475178899.091018:1475178901.258866:1475178903.530966:-1.000000:1475178908.066892:1475178910.298877:1475178912.466835:1475178914.714815:1475178916.962780:,
1009,1475178942.996416,0,0.000000,1,1,1,10,1475178922.434237:1475178924.663378:1475178926.892330:1475178929.122164:1475178931.350526:1475178933.580557:1475178935.808694:1475178938.037819:1475178940.266959:1475178942.496122:,1475178922.626685:1475178924.834689:1475178927.010659:1475178929.322637:1475178931.386600:1475178933.666568:1475178936.002523:1475178938.258482:1475178940.434459:1475178942.658462:,1475178922.626685:1475178924.834689:1475178927.010659:1475178929.322637:1475178931.386600:1475178933.666568:1475178936.002523:1475178938.258482:1475178940.434459:1475178942.658462:,
1009,1475178968.247783,0,0.400000,1,1,1,10,1475178948.085739:1475178950.314733:1475178952.543722:1475178954.772883:1475178957.001960:1475178959.231068:1475178961.460269:1475178963.689419:1475178965.918661:1475178968.147504:,-1.000000:1475178948.242385:1475178950.562310:1475178952.770337:1475178954.970317:1475178957.226279:1475178959.370206:1475178961.602186:1475178963.874227:-1.000000:,-1.000000:1475178948.242385:1475178950.562310:1475178952.770337:1475178954.970317:1475178957.226279:1475178959.370206:1475178961.602186:1475178965.994165:-1.000000:,
1009,1475178997.432800,0,0.000000,0,1,0,10,1475178976.870740:1475178979.099843:1475178981.328937:1475178983.558014:1475178985.787091:1475178988.016209:1475178990.245272:1475178992.474352:1475178994.703459:1475178996.932537:,1475178976.794014:1475178979.017973:1475178981.265924:1475178983.473909:1475178985.681819:1475178987.977855:1475178990.161814:1475178992.409783:1475178994.665774:1475178996.857730:,1475178976.794014:1475178979.017973:1475178981.265924:1475178983.473909:1475178985.681819:1475178987.977855:1475178990.161814:1475178992.409783:1475178994.665774:1475178996.857730:,
1010,1475179213.873263,1,0.000000,1,0,1,5,1475179205.339006:1475179207.347572:1475179209.356145:1475179211.364565:1475179213.372940:,1475179205.734753:1475179207.670716:1475179209.742693:1475179211.622657:1475179213.686592:,1475179205.734753:1475179207.670716:1475179209.742693:1475179211.622657:1475179213.686592:,
1010,1475179228.814709,1,0.000000,0,1,0,5,1475179219.398117:1475179221.627200:1475179223.856283:1475179226.085372:1475179228.314449:,-1.000000:1475179219.926509:1475179223.806434:1475179225.942404:1475179228.222377:,-1.000000:1475179221.990461:1475179223.806434:1475179225.942404:1475179228.222377:,
1010,1475179245.465257,1,0.000000,1,1,0,5,1475179236.046581:1475179238.275675:1475179240.504746:1475179242.733840:1475179244.962924:,1475179236.118287:1475179238.246268:1475179240.494225:1475179242.726206:1475179244.998168:,1475179236.118287:1475179238.246268:1475179240.494225:1475179242.726206:1475179244.998168:,
1010,1475179278.005476,0,0.000000,0,1,0,10,1475179257.443441:1475179259.672535:1475179261.901656:1475179264.130721:1475179266.359791:1475179268.588871:1475179270.817958:1475179273.047038:1475179275.276133:1475179277.505213:,1475179257.661954:1475179259.493926:1475179261.845903:1475179264.141808:1475179266.453808:1475179268.557794:1475179270.861751:1475179273.005739:1475179275.237676:1475179277.453648:,1475179257.661954:1475179259.493926:1475179261.845903:1475179264.141808:1475179266.453808:1475179268.557794:1475179270.861751:1475179273.005739:1475179275.237676:1475179277.453648:,
1010,1475179312.140462,0,0.400000,1,1,0,10,1475179291.576295:1475179293.805402:1475179296.034472:1475179298.263554:1475179300.492620:1475179302.721710:1475179304.950794:1475179307.179881:1475179309.408964:1475179311.638047:,1475179291.829443:1475179293.733399:1475179296.341420:1475179298.269396:1475179300.477320:1475179302.773292:1475179304.965269:1475179307.205227:1475179309.357251:1475179311.541087:,1475179291.829443:1475179293.733399:1475179296.341420:1475179298.269396:1475179300.477320:1475179302.773292:1475179304.965269:1475179307.205227:1475179309.357251:1475179311.541087:,
1010,1475179342.929695,0,0.300000,1,1,0,10,1475179322.365529:1475179324.594612:1475179326.823685:1475179329.052778:1475179331.281862:1475179333.510943:1475179335.740039:1475179337.969110:1475179340.198189:1475179342.427276:,1475179322.349069:1475179324.501042:1475179326.700995:1475179328.972948:1475179331.140922:1475179333.460887:1475179335.596865:1475179337.860827:1475179340.020808:1475179342.260760:,1475179322.349069:1475179324.501042:1475179326.700995:1475179328.972948:1475179331.140922:1475179333.460887:1475179335.596865:1475179337.860827:1475179340.020808:1475179342.260760:,
1010,1475179371.819133,0,0.400000,1,1,0,10,1475179351.657096:1475179353.886176:1475179356.115260:1475179358.344330:1475179360.573435:1475179362.802491:1475179365.031580:1475179367.260665:1475179369.489754:1475179371.718844:,1475179351.668619:1475179353.596573:1475179355.892581:1475179358.036555:1475179360.260493:1475179362.508452:1475179364.900419:1475179367.020418:1475179369.292386:1475179371.404359:,1475179351.668619:1475179353.596573:1475179355.892581:1475179358.036555:1475179360.260493:1475179362.508452:1475179364.900419:1475179367.020418:1475179369.292386:1475179371.404359:,
1010,1475179397.506320,0,0.000000,1,0,1,10,1475179378.926731:1475179380.935457:1475179382.944110:1475179384.952948:1475179386.962115:1475179388.970463:1475179390.979092:1475179392.988458:1475179394.997085:1475179397.006043:,1475179379.020255:1475179381.092222:1475179383.052201:1475179384.980167:1475179387.172105:1475179389.060108:1475179391.148080:1475179393.100054:1475179395.100045:1475179397.116003:,1475179379.020255:1475179381.092222:1475179383.052201:1475179384.980167:1475179387.172105:1475179389.060108:1475179391.148080:1475179393.100054:1475179395.100045:1475179397.116003:,
1010,1475179426.046733,0,0.100000,1,1,0,10,1475179405.584656:1475179407.813745:1475179410.042854:1475179412.271928:1475179414.500999:1475179416.730098:1475179418.959171:1475179421.188250:1475179423.417348:1475179425.646440:,1475179405.667886:1475179407.747859:1475179409.923813:1475179412.139788:1475179414.371750:1475179416.563731:1475179418.835684:1475179421.075663:1475179423.691627:1475179425.643564:,1475179405.667886:1475179407.747859:1475179409.923813:1475179412.139788:1475179414.371750:1475179416.563731:1475179418.835684:1475179421.075663:1475179423.691627:1475179425.643564:,
1010,1475179452.676996,0,0.300000,1,1,0,10,1475179432.414948:1475179434.644025:1475179436.873130:1475179439.102192:1475179441.331268:1475179443.560359:1475179445.789464:1475179448.018562:1475179450.247627:1475179452.476706:,1475179432.595493:1475179434.507463:1475179436.795407:1475179438.939424:1475179441.259394:1475179443.491335:1475179445.715308:1475179447.899258:1475179450.139234:1475179452.395160:,1475179432.595493:1475179434.507463:1475179436.795407:1475179438.939424:1475179441.259394:1475179443.491335:1475179445.715308:1475179447.899258:1475179450.139234:1475179452.395160:,
1010,1475179479.461045,0,0.100000,1,1,0,10,1475179458.896925:1475179461.126024:1475179463.355092:1475179465.584182:1475179467.813272:1475179470.042354:1475179472.271438:1475179474.500521:1475179476.729601:1475179478.958689:,1475179458.907133:1475179460.995095:1475179463.339061:1475179465.507038:1475179467.843006:1475179470.058974:1475179472.210948:1475179474.434906:1475179476.658874:1475179478.922859:,1475179458.907133:1475179460.995095:1475179463.339061:1475179465.507038:1475179467.843006:1475179470.058974:1475179472.210948:1475179474.434906:1475179476.658874:1475179478.922859:,
1010,1475179509.936722,0,0.000000,1,1,0,10,1475179489.372692:1475179491.601789:1475179493.830869:1475179496.059942:1475179498.289047:1475179500.518117:1475179502.747196:1475179504.976300:1475179507.205374:1475179509.434449:,1475179489.370701:1475179491.570668:1475179493.842597:1475179495.994603:1475179498.178577:1475179500.450543:1475179502.690519:1475179504.906486:1475179507.234450:1475179509.426419:,1475179489.370701:1475179491.570668:1475179493.842597:1475179495.994603:1475179498.178577:1475179500.450543:1475179502.690519:1475179504.906486:1475179507.234450:1475179509.426419:,
1010,1475179537.254702,0,0.000000,1,1,0,10,1475179516.690593:1475179518.919685:1475179521.148754:1475179523.377831:1475179525.606936:1475179527.836008:1475179530.065113:1475179532.294182:1475179534.523269:1475179536.752336:,1475179516.770280:1475179518.906284:1475179521.082243:1475179523.362216:1475179525.634196:1475179527.834161:1475179530.058123:1475179532.306097:1475179534.498072:1475179536.730028:,1475179516.770280:1475179518.906284:1475179521.082243:1475179523.362216:1475179525.634196:1475179527.834161:1475179530.058123:1475179532.306097:1475179534.498072:1475179536.730028:,
